{
	"d1" : 0.0080000003799796104,
	"d2" : 0.0099999997764825821,
	"d3" : 0.0099999997764825821,
	"d4" : 0.0099999997764825821,
	"d5" : 0.0099999997764825821,
	"filename" : ".//data.json.dat",
	"label1" : "Undefined",
	"label2" : "Undefined",
	"label3" : "Undefined",
	"label4" : "Undefined",
	"label5" : "Undefined",
	"n1" : 400,
	"n2" : 300,
	"n3" : 300,
	"n4" : 1,
	"n5" : 1,
	"o1" : 0,
	"o2" : 0.5,
	"o3" : 0.5,
	"o4" : 2,
	"o5" : 2
}