{
	"d1" : 0.0099999997764825821,
	"d2" : 0.0099999997764825821,
	"d3" : 0.0099999997764825821,
	"filename" : ".//vel.json.dat",
	"label1" : "Undefined",
	"label2" : "Undefined",
	"label3" : "Undefined",
	"n1" : 400,
	"n2" : 400,
	"n3" : 400,
	"o1" : 0,
	"o2" : 0,
	"o3" : 0
}